{
    "jumpscare": {
        "sounds": [
            {
                "name": "pulseoftheforsaken:jumpscare",
                "stream": true
            }
        ],
        "subtitle": "subtitles.pulseoftheforsaken.jumpscare"
    },
    "corrupt_scream": {
        "category": "ambient",
        "sounds": [
            {
                "name": "pulseoftheforsaken:corrupt-scream",
                "stream": true
            }
        ],
        "subtitle": "subtitles.pulseoftheforsaken.corrupt_scream"
    },
    "whispering": {
        "category": "ambient",
        "sounds": [
            {
                "name": "pulseoftheforsaken:whispering",
                "stream": true
            }
        ],
        "subtitle": "subtitles.pulseoftheforsaken.whispering"
    },
    "heartbeat": {
        "category": "ambient",
        "sounds": [
            {
                "name": "pulseoftheforsaken:heartbeat",
                "stream": true
            }
        ],
        "subtitle": "subtitles.pulseoftheforsaken.heartbeat"
    },
    "psyche_drop": {
        "category": "ambient",
        "sounds": [
            { "name": "pulseoftheforsaken:psyche_drop", "stream": true }
        ],
        "subtitle": "subtitles.pulseoftheforsaken.psyche_drop"
    },
    "entity_arrival": {
        "category": "ambient",
        "sounds": [
            { "name": "pulseoftheforsaken:entity_arrival", "stream": true }
        ],
        "subtitle": "subtitles.pulseoftheforsaken.entity_arrival"
    },
    "whisper_loop": {
        "category": "ambient",
        "sounds": [
            { "name": "pulseoftheforsaken:whisper_loop", "stream": true }
        ],
        "subtitle": "subtitles.pulseoftheforsaken.whisper_loop"
    },
    "scan_ping": {
        "category": "ambient",
        "sounds": [
            { "name": "pulseoftheforsaken:scan_ping", "stream": true }
        ],
        "subtitle": "subtitles.pulseoftheforsaken.scan_ping"
    },
    "disconnect_fail": {
        "category": "ambient",
        "sounds": [
            { "name": "pulseoftheforsaken:pulse_error", "stream": true }
        ],
        "subtitle": "subtitles.pulseoftheforsaken.disconnect_fail"
    },
    "mirror_effect": {
        "category": "ambient",
        "sounds": [
            { "name": "pulseoftheforsaken:whispers_distorted", "stream": true }
        ],
        "subtitle": "subtitles.pulseoftheforsaken.mirror_effect"
    },
    "sky_eyes": {
        "category": "ambient",
        "sounds": [
            { "name": "pulseoftheforsaken:entity_breath", "stream": true }
        ],
        "subtitle": "subtitles.pulseoftheforsaken.sky_eyes"
    },
    "gui_effect": {
        "category": "ambient",
        "sounds": [
            { "name": "pulseoftheforsaken:pulse_error", "stream": true }
        ],
        "subtitle": "subtitles.pulseoftheforsaken.gui_effect"
    },
    "inventory_effect": {
        "category": "ambient",
        "sounds": [
            { "name": "pulseoftheforsaken:pulse_error", "stream": true }
        ],
        "subtitle": "subtitles.pulseoftheforsaken.inventory_effect"
    },
    "matrix_effect": {
        "category": "ambient",
        "sounds": [
            { "name": "pulseoftheforsaken:whispers_distorted", "stream": true }
        ],
        "subtitle": "subtitles.pulseoftheforsaken.matrix_effect"
    },
    "heartbeat-01": {
        "category": "ambient",
        "sounds": [
            {
                "name": "pulseoftheforsaken:heartbeat-01",
                "stream": true
            }
        ]
    },
    "mirror_break": {
        "category": "ambient",
        "sounds": [
            {
                "name": "pulseoftheforsaken:mirror_break",
                "stream": true
            }
        ]
    }
} 
