{
    "parent": "block/block",
    "textures": {
        "particle": "pulseoftheforsaken:block/forsaken_mirror",
        "mirror": "pulseoftheforsaken:block/forsaken_mirror"
    },
    "elements": [
        {
            "from": [0, 0, 15.2],
            "to": [16, 16, 15.8],
            "faces": {
                "north": {"texture": "#mirror", "uv": [0, 0, 16, 16]},
                "south": {"texture": "#mirror", "uv": [0, 0, 16, 16]},
                "east": {"texture": "#mirror", "uv": [0, 0, 16, 16]},
                "west": {"texture": "#mirror", "uv": [0, 0, 16, 16]},
                "up": {"texture": "#mirror", "uv": [0, 0, 16, 16]},
                "down": {"texture": "#mirror", "uv": [0, 0, 16, 16]}
            }
        }
    ]
} 